Order_ID,Product,Region,Sales,Month
1,Laptop,North,50000,Jan
2,Phone,South,20000,Feb
3,Tablet,East,15000,Mar
4,Laptop,West,52000,Apr
5,Phone,North,21000,May
6,Laptop,North,50000,Jan
7,Phone,South,20000,Feb
8,Tablet,East,15000,Mar
9,Laptop,West,52000,Apr
10,Phone,North,21000,May
11,Laptop,North,50000,Jan
12,Phone,South,20000,Feb
13,Tablet,East,15000,Mar
14,Laptop,West,52000,Apr
15,Phone,North,21000,May
16,Laptop,North,50000,Jan
17,Phone,South,20000,Feb
18,Tablet,East,15000,Mar
19,Laptop,West,52000,Apr
20,Phone,North,21000,May
